p,family,seed,neurons,gamma,C,ratio,arch_cost,arch_ratio,frac_big,frac_lin,frac_plain_of_big,frac_twist_of_big,live,ratio_final
11,plain1,1,62,0.883220574139481,3326.652884524385,0.00026549826651534037,2265.3740522224,8.191421892972758e-06,0.8453819082849628,0.15461809171503718,1.0,0.0,62,0.0002654958063800824
11,plain2,1,84,1.9514107136836367,6590.319818688496,0.0002961025818731778,2940.7892554170503,1.2236376480764233e-05,0.9444495904155906,0.055550409584409155,1.0,0.0,84,0.0002858212371018464
11,plain,1,282,23.535263477787694,35958.2577600741,0.0006545162347637389,9180.505553691553,2.675587560324588e-05,0.9999750478909545,2.4952109045674696e-05,1.0,0.0,246,0.0006545210604145865
11,twisted,1,440,25.792452019424864,37540.377683264065,0.0006870589378999093,26764.02043308966,5.8906823194684856e-06,0.667263270109718,0.33212565060371035,0.39537421869324246,1.0,440,0.0006833921376281549
11,free_from_plain,1,282,25.131594167342485,35977.56787029163,0.0006985351054842933,9165.906624013647,2.8638937061302938e-05,1.0,0.0,0.9993783566022513,0.0003152007863648385,265,0.0006044659865308055
11,free_from_twisted,1,440,29.838085903184794,37570.20338275942,0.0007941954851614453,23458.834274841363,8.304458500418266e-06,0.6342453108521529,0.36575468914784726,0.9442278135266545,0.9885261525949821,437,0.0007941902900094473
11,trained_aff11_wu100k_m128_seed1,0,128,0.38689225753876144,7425.567986515772,5.210271567660903e-05,3275.0764866687814,2.0642289672270343e-06,0.8517212568006421,0.14827874319935783,0.9980987426119488,0.0,128,
11,free_from_trained_aff11_wu100k_m128_seed1,1,128,5.023691519880596,7428.563471617003,0.0006762668905064992,3590.4005548139176,2.3351168094506607e-05,0.8559374804814207,0.14406251951857937,0.9966377069516646,0.0,128,0.0006762713176325361
11,trained_aff11_wu100k_m128_seed2,0,128,1.1275961322784163,7445.528910994754,0.00015144607532358164,3172.0984178855892,6.311514692769732e-06,0.7987418042189984,0.20125819578100154,1.0,0.0,128,
11,free_from_trained_aff11_wu100k_m128_seed2,1,128,4.869913500999781,7447.724376966504,0.0006538793938267787,3493.445939013038,2.358523495155743e-05,0.8163205529643527,0.1613308229963956,1.0,0.0,128,0.0006471609758132082
13,plain1,1,74,0.8634059465059991,6058.60746537728,0.00014250897610384026,3454.320235476441,4.252762603886973e-06,0.8545269784298992,0.14547302157010078,1.0,0.0,74,2.190780011423016e-06
13,plain2,1,100,1.928535817249661,12010.306244821619,0.0001605734090320279,4662.982783870344,6.05664321662005e-06,0.9498181369723365,0.05018186302766347,1.0,0.0,100,0.00010068583275518952
13,plain,1,386,26.820890224281662,77488.56709821112,0.00034612706401304514,16274.929874955824,1.2917976783100493e-05,1.0,0.0,1.0,0.0,338,0.0002828579188702713
13,twisted,1,624,18.867042120850613,76850.45718890632,0.00024550331658370597,61236.107547530744,1.2450662284087263e-06,0.3102331823836243,0.17945038647039288,0.0,1.0,624,0.00024157328902985018
13,free_from_plain,1,386,27.8441846945395,77569.18823415285,0.0003589593410528952,16322.712207206398,1.3351990683820933e-05,1.0,0.0,0.9995851343100183,0.0,386,0.0002819356440889812
13,free_from_twisted,1,624,30.012007310674516,76894.20835317095,0.0003903025722409546,54171.35333354797,2.380348334736091e-06,0.7119748345688738,0.263635572072466,0.0,0.0,624,0.0003417031768861836
13,trained_aff13_wu100k_m256_seed1,0,256,1.425866171379405,10975.472809639808,0.00012991387215018747,4451.7903932280005,4.800392003076715e-06,0.8807794660200641,0.11922053397993568,0.9999595907576734,0.0,213,
13,free_from_trained_aff13_wu100k_m256_seed1,1,256,5.1427596767154835,10977.484582916994,0.00046848252328393825,5121.231157108299,1.4032487417779109e-05,0.8720415573757516,0.12377912690673416,0.9899098921734708,0.0,256,0.0003626098122179313
