run,group,width,seed,frac,act,q,epochs,test_acc,best_test_acc,grok_epoch,grokked,live,big,lin,plain,cells,cells_double,coords,cell_match,acc_cosetmean,acc_plain_removed
aff11_wu100k_m100_seed1,aff11,100,1,0.4,relu,,100000,0.01900826394557953,0.01997245103120804,,False,,,,,,,,,,
aff11_wu100k_m100_seed2,aff11,100,2,0.4,relu,,100000,0.019283747300505638,0.01983471028506756,,False,,,,,,,,,,
aff11_wu100k_m100_seed3,aff11,100,3,0.4,relu,,100000,0.01804407685995102,0.01914600469172001,,False,,,,,,,,,,
aff11_wu100k_m108_seed1,aff11,108,1,0.4,relu,,100000,1.0,1.0,67750.0,True,108.0,101.0,7.0,99.0,72.0,27.0,7.0,1.0,1.0,0.09396694214876034
aff11_wu100k_m108_seed2,aff11,108,2,0.4,relu,,100000,0.016115702688694,0.01845730096101761,,False,,,,,,,,,,
aff11_wu100k_m108_seed3,aff11,108,3,0.4,relu,,100000,0.021900827065110207,0.022451790049672127,,False,,,,,,,,,,
aff11_wu100k_m116_seed1,aff11,116,1,0.4,relu,,100000,1.0,1.0,24750.0,True,116.0,105.0,11.0,95.0,81.0,14.0,11.0,1.0,1.0,0.09074380165289256
aff11_wu100k_m116_seed2,aff11,116,2,0.4,relu,,100000,0.020110193639993668,0.020936639979481697,,False,,,,,,,,,,
aff11_wu100k_m116_seed3,aff11,116,3,0.4,relu,,100000,0.029752066358923912,0.030165288597345352,,False,,,,,,,,,,
aff11_wu100k_m124_seed1,aff11,124,1,0.4,relu,,100000,0.030165288597345352,0.03030303120613098,,False,,,,,,,,,,
aff11_wu100k_m124_seed2,aff11,124,2,0.4,relu,,100000,1.0,1.0,7000.0,True,124.0,114.0,10.0,109.0,80.0,29.0,9.0,1.0,0.9999173553719009,0.043057851239669424
aff11_wu100k_m124_seed3,aff11,124,3,0.4,relu,,100000,1.0,1.0,92750.0,True,124.0,114.0,10.0,103.0,75.0,26.0,7.0,1.0,0.9999173553719009,0.09264462809917355
aff11_wu100k_m132_seed1,aff11,132,1,0.4,relu,,100000,1.0,1.0,2000.0,True,132.0,122.0,10.0,108.0,85.0,23.0,11.0,1.0,0.9999173553719009,0.06710743801652892
aff11_wu100k_m132_seed2,aff11,132,2,0.4,relu,,100000,1.0,1.0,2750.0,True,132.0,120.0,12.0,116.0,76.0,40.0,7.0,1.0,1.0,0.06446280991735537
aff11_wu100k_m132_seed3,aff11,132,3,0.4,relu,,100000,0.9285123944282532,0.9285123944282532,,False,,,,,,,,,,
aff11_wu100k_m140_seed1,aff11,140,1,0.4,relu,,100000,1.0,1.0,3750.0,True,140.0,129.0,11.0,128.0,88.0,40.0,9.0,1.0,1.0,0.07553719008264463
aff11_wu100k_m140_seed2,aff11,140,2,0.4,relu,,100000,1.0,1.0,5000.0,True,140.0,128.0,12.0,123.0,90.0,33.0,11.0,1.0,1.0,0.09305785123966942
aff11_wu100k_m140_seed3,aff11,140,3,0.4,relu,,100000,1.0,1.0,13250.0,True,140.0,131.0,9.0,115.0,93.0,22.0,9.0,1.0,1.0,0.1171900826446281
aff13_wu100k_m160_seed1,aff13,160,1,0.4,relu,,100000,1.0,1.0,12000.0,True,160.0,147.0,13.0,138.0,105.0,33.0,11.0,1.0,1.0,0.04795364891518738
aff13_wu100k_m192_seed1,aff13,192,1,0.4,relu,,100000,1.0,1.0,3000.0,True,190.0,164.0,26.0,164.0,90.0,72.0,10.0,1.0,1.0,0.07671761998685075
aff13_wu100k_m224_seed1,aff13,224,1,0.4,relu,,100000,1.0,1.0,2250.0,True,209.0,179.0,30.0,179.0,100.0,79.0,10.0,1.0,1.0,0.07716962524654833
aff7_wu100k_m112_seed1,aff7,112,1,0.4,relu,,100000,0.9886685609817505,0.9886685609817505,,False,,,,,,,,,,
aff7_wu100k_m112_seed2,aff7,112,2,0.4,relu,,100000,0.9962228536605835,0.9962228536605835,1500.0,True,83.0,70.0,13.0,70.0,35.0,35.0,7.0,1.0,0.9977324263038548,0.14285714285714285
aff7_wu100k_m128_seed1,aff7,128,1,0.4,relu,,100000,0.9981114268302917,0.9981114268302917,2250.0,True,95.0,85.0,10.0,85.0,49.0,36.0,7.0,1.0,0.9988662131519275,0.14399092970521543
aff7_wu100k_m256_seed1,aff7,256,1,0.4,relu,,100000,0.9962228536605835,0.9971671104431152,1500.0,True,96.0,86.0,10.0,86.0,49.0,37.0,7.0,1.0,0.9977324263038548,0.141156462585034
aff7_wu100k_m40_frac06_seed1,aff7,40,1,0.6,relu,,100000,0.08498583734035492,0.09065155684947968,,False,,,,,,,,,,
aff7_wu100k_m40_frac06_seed2,aff7,40,2,0.6,relu,,100000,0.08498583734035492,0.0878186970949173,,False,,,,,,,,,,
aff7_wu100k_m40_seed1,aff7,40,1,0.4,relu,,100000,0.00283286115154624,0.021718602627515793,,False,,,,,,,,,,
aff7_wu100k_m40_seed2,aff7,40,2,0.4,relu,,100000,0.03871576860547066,0.04438149183988571,,False,,,,,,,,,,
aff7_wu100k_m40_seed3,aff7,40,3,0.4,relu,,100000,0.0018885741010308266,0.027384323999285698,,False,,,,,,,,,,
aff7_wu100k_m48_frac06_seed1,aff7,48,1,0.6,relu,,100000,1.0,1.0,4750.0,True,48.0,41.0,7.0,39.0,27.0,12.0,4.0,1.0,0.9994331065759637,0.11734693877551021
aff7_wu100k_m48_frac06_seed2,aff7,48,2,0.6,relu,,100000,0.954674243927002,0.9603399634361267,,False,,,,,,,,,,
aff7_wu100k_m48_seed1,aff7,48,1,0.4,relu,,100000,0.007554296404123306,0.023607175797224045,,False,,,,,,,,,,
aff7_wu100k_m48_seed2,aff7,48,2,0.4,relu,,100000,0.004721435252577066,0.02455146424472332,,False,,,,,,,,,,
aff7_wu100k_m48_seed3,aff7,48,3,0.4,relu,,100000,0.010387158021330833,0.021718602627515793,,False,,,,,,,,,,
aff7_wu100k_m56_frac06_seed1,aff7,56,1,0.6,relu,,100000,1.0,1.0,1750.0,True,56.0,50.0,6.0,49.0,48.0,1.0,7.0,1.0,1.0,0.047619047619047616
aff7_wu100k_m56_frac06_seed2,aff7,56,2,0.6,relu,,100000,1.0,1.0,1500.0,True,56.0,50.0,6.0,43.0,37.0,6.0,6.0,1.0,0.9988662131519275,0.11678004535147392
aff7_wu100k_m56_seed1,aff7,56,1,0.4,relu,,100000,0.010387158021330833,0.01794145442545414,,False,,,,,,,,,,
aff7_wu100k_m56_seed2,aff7,56,2,0.4,relu,,100000,0.01983002759516239,0.02266288921236992,,False,,,,,,,,,,
aff7_wu100k_m56_seed3,aff7,56,3,0.4,relu,,100000,0.003777148202061653,0.023607175797224045,,False,,,,,,,,,,
aff7_wu100k_m64_frac06_seed1,aff7,64,1,0.6,relu,,100000,1.0,1.0,1000.0,True,64.0,57.0,7.0,54.0,35.0,19.0,7.0,1.0,1.0,0.12585034013605442
aff7_wu100k_m64_seed1,aff7,64,1,0.4,relu,,100000,0.02266288921236992,0.03116147220134735,,False,,,,,,,,,,
aff7_wu100k_m64_seed2,aff7,64,2,0.4,relu,,100000,0.028328612446784973,0.03116147220134735,,False,,,,,,,,,,
aff7_wu100k_m64_seed3,aff7,64,3,0.4,relu,,100000,0.021718602627515793,0.02455146424472332,,False,,,,,,,,,,
aff7_wu100k_m72_seed1,aff7,72,1,0.4,relu,,100000,0.03777148202061653,0.03966005519032478,,False,,,,,,,,,,
aff7_wu100k_m72_seed2,aff7,72,2,0.4,relu,,100000,0.04532577842473984,0.04910292848944664,,False,,,,,,,,,,
aff7_wu100k_m80_seed1,aff7,80,1,0.4,relu,,100000,0.984891414642334,0.984891414642334,,False,,,,,,,,,,
aff7_wu100k_m80_seed2,aff7,80,2,0.4,relu,,100000,0.04249291867017746,0.046270065009593964,,False,,,,,,,,,,
aff7_wu100k_m88_seed1,aff7,88,1,0.4,relu,,100000,0.03493862226605415,0.03777148202061653,,False,,,,,,,,,,
aff7_wu100k_m88_seed2,aff7,88,2,0.4,relu,,100000,0.036827195435762405,0.04060434550046921,,False,,,,,,,,,,
aff7_wu100k_m96_seed1,aff7,96,1,0.4,relu,,100000,0.03966005519032478,0.043437205255031586,,False,,,,,,,,,,
aff7_wu100k_m96_seed2,aff7,96,2,0.4,relu,,100000,0.9990556836128235,0.9990556836128235,2500.0,True,96.0,84.0,10.0,76.0,48.0,28.0,7.0,1.0,0.9994331065759637,0.17006802721088435
